Tag,Product,Size,Giá bán,Khoảng giá,Ảnh,Link ảnh
Bunnies,Fawn Flufflet Bunny,Small,1.150.000 ₫,1 – 2 triệu,TRUE,/img/1NdKPvVGsILuWYoKuREygK7I8kQPFu1e7
Bunnies,Fawn Flufflet Bunny,Small,1.090.000 ₫,1 – 2 triệu,TRUE,/img/1iUVKO9wRTCdNP7DqNwi__XjQQiyhG0yP
Bunnies,Oat Flufflet Bunny,Small,1.090.000 ₫,1 – 2 triệu,TRUE,/img/16JCbDfqILLadeACJ7sbF2kjKUU2B0xIb
Bunnies,Wheat Flufflet Bunny,Small,1.090.000 ₫,1 – 2 triệu,TRUE,/img/1bHQiOxNIKoH5OxgTm0IeTCEQ8ozA5h1Q
Bunnies,Blossom Blush Bunny Cherry,Small,1.050.000 ₫,1 – 2 triệu,TRUE,/img/1zmUOj5Nl_csIpeF9auDd8xiUjHsT9kBe
Bunnies,Bashful Bunny Gold Medal Ski Outfit,Small,2.350.000 ₫,2 – 3 triệu,TRUE,/img/1zmUOj5Nl_csIpeF9auDd8xiUjHsT9kBe
Bunnies,Bashful Bunny Gold Medal Ski Outfit,Small,2.150.000 ₫,2 – 3 triệu,TRUE,/img/146sKPGs3ssUjOrQoiZVkWDNvf9nH7OAq
Bear,Bartholomew Bear Junior,Small,1.250.000 ₫,1 – 2 triệu,FALSE,
Bear,Bartholomew Bear Junior Pilot,Small,2.150.000 ₫,2 – 3 triệu,TRUE,/img/1Nl3e25HN9k3s0niWZYCmNSSfC0zVhSU5
Amuseables,Amuseables Boiled Egg Bride,Small,1.090.000 ₫,1 – 2 triệu,TRUE,/img/1yqb3Fb3D2conPPaSVhMs0JMAQIF3QnRm
Amuseables,Amuseables Heart Boiled Egg,Small,1.050.000 ₫,1 – 2 triệu,TRUE,/img/17UE1d1-Od5MLA5TSR6Sw0vNLsNIRddm-
Amuseables,Diamond Ring,Small,1.350.000 ₫,1 – 2 triệu,TRUE,/img/1EVSJDjoaafeCQZLyOr9qwoyaHWQMs4n_
Amuseables,Amuseables Boiled Egg Graduation,Small,1.050.000 ₫,1 – 2 triệu,TRUE,/img/1SBOwCFFZwcYt09CyyWVmyhsvcywPJaAT
Amuseables,Amuseables Pair of Olives,Small,1.550.000 ₫,1 – 2 triệu,TRUE,/img/1M_JS1ikKB1jBH1PO5T2vdndzviztrKYR
Amuseables,Amuseables Peanut,Small,980.000 ₫,Dưới 1 triệu,TRUE,/img/12vGX7ZtN1DmRyWkBcImjRFwVGnpshjfH
Amuseables,Amuseables Peanut Space Rodeo Outfit,Small,1.350.000 ₫,1 – 2 triệu,TRUE,/img/1GV2tJHyIHOfbd20vtCl1sCPcdVqYahk5
Amuseables,Amuseables Peanut Star Student Outfit,Small,1.350.000 ₫,1 – 2 triệu,TRUE,/img/1Uw8aqazqwMeQCjq0ON5AlF8Clht_mPAd
Amuseables,Amuseables Arlette Heart Macaron,Small,1.150.000 ₫,1 – 2 triệu,TRUE,/img/1RTEegeMYjq4gxSlZfcb_TgwajkPY8GMR
Amuseables,Amuseables Colette Heart Macaron,Small,1.150.000 ₫,1 – 2 triệu,TRUE,/img/1GB8C84tL1NOsjFOL4_1cygeJ-MNCvYrJ
Amuseables,Amuseables Doughnut,Small,1.150.000 ₫,1 – 2 triệu,TRUE,/img/12Kb_lnVxT8LyQuHQiYtASpxb0BXwpHjP
Other Animals,Jerboa,Small,1.350.000 ₫,1 – 2 triệu,TRUE,/img/1kl8HOiWnCUJsXN1rbxN-KQ2SKt9oYIPz
Other Animals,Little Pig,Small,980.000 ₫,Dưới 1 triệu,TRUE,/img/1ykmglfGOrI0kJyfBz-by26cz-953I1Tl
Other Animals,Little Pup,Small,980.000 ₫,Dưới 1 triệu,TRUE,/img/1V5STAmd4x-ASVX2qhxPbvX7mnI8PiHna
Other Animals,Little Monkey,Small,1.050.000 ₫,1 – 2 triệu,TRUE,/img/1CnTcwZLnowJKF5427V0r8Agd3RFy7QZ1
Other Animals,Little Bear,Small,1.050.000 ₫,1 – 2 triệu,TRUE,/img/1qZfRZB7lK0TL2Rzw3peCfEXTIW77euBL
Other Animals,Little Penguin,Small,1.050.000 ₫,1 – 2 triệu,TRUE,/img/16IGosQU8hooV6uQFeaIDcskHrGYr6TM7
Other Animals,Little Horse,Small,1.050.000 ₫,1 – 2 triệu,TRUE,/img/1BOblf-qa5QuTmoq-fDxCV5cVaT6lPag8
Other Animals,Little Fox,Small,1.050.000 ₫,1 – 2 triệu,TRUE,/img/1myQYN-YfolsrGAHLyINU_9bnbEbUL21L
Other Animals,Yummy Duckling,Small,950.000 ₫,Dưới 1 triệu,TRUE,/img/1myQYN-YfolsrGAHLyINU_9bnbEbUL21L
Other Animals,Yummy Duckling,Small,980.000 ₫,Dưới 1 triệu,FALSE,
Other Animals,Amuseables Coral,Small,980.000 ₫,Dưới 1 triệu,TRUE,/img/1XMbThTNxqt526ewI_btUold2OqqXMhWH
Other Animals,Little Monkey,Small,1.090.000 ₫,1 – 2 triệu,TRUE,/img/1QStPsT83Iyc6gIAMX0q1AMw9ZWI7macr
Amuseables,Amuseables Bunny Egg,Small,1.090.000 ₫,1 – 2 triệu,TRUE,/img/1Nkzs7dgFQqpkbZ9n3kjYcRUrLLWIkZJ2
Amuseables,Amuseables Boiled Egg Groom,Small,1.090.000 ₫,1 – 2 triệu,TRUE,/img/1UhCyO7xKUItmKpxYvZvsKb_mTrconHMU
Amuseables,Amuseables Boiled Egg Geek,Small,1.090.000 ₫,1 – 2 triệu,FALSE,
Other Animals,Little Reindeer,Small,1.090.000 ₫,1 – 2 triệu,TRUE,/img/1v3ap36IiQQa3G51GYHetb5qAZ0erNN4J
Other Animals,Little Chick,Small,1.090.000 ₫,1 – 2 triệu,TRUE,/img/1dBltakgPLx7mUZwIxisSsewpEEdSAMNP
Amuseables,Little Snowman,Small,1.090.000 ₫,1 – 2 triệu,TRUE,/img/1rlxARZRuClsXMa2utQNohoArJsw-G-No
Bunnies,Bashful Luxe Bunny Lazulia,Medium,2.000.000 ₫,2 – 3 triệu,FALSE,
Bunnies,Bashful Luxe Bunny Lazulia,Medium,2.350.000 ₫,2 – 3 triệu,TRUE,/img/1AuFpJZ82v6nMcGGGAJq2RC_h71EB9Ka4
Bunnies,Thistlepop Blossom Luxe Bunny,Medium,1.890.000 ₫,1 – 2 triệu,TRUE,/img/1fZNxPD_Wr3NX5qR5My3biHeBeCt4rd2o
Bunnies,Hoppleston Luxe Bunny,Medium,1.890.000 ₫,1 – 2 triệu,TRUE,/img/1wou2EVZRnuWiWdYJHcqgHfnPqZsYIL9z
Bunnies,Bashful Hopscone Luxe Bunny,Medium,1.890.000 ₫,1 – 2 triệu,FALSE,
Bunnies,Bashful Luxe Bunny Zodihop,Medium,1.900.000 ₫,1 – 2 triệu,FALSE,
Bunnies,Bashful Luxe Bunny Zodihop,Medium,2.350.000 ₫,2 – 3 triệu,FALSE,
Bunnies,Bashful Luxe Bunny Azure,Medium,2.950.000 ₫,2 – 3 triệu,FALSE,
Bunnies,Bashful Luxe Bunny Curly,Medium,2.350.000 ₫,2 – 3 triệu,FALSE,
Bunnies,Bashful Luxe Bunny Juniper,Medium,1.650.000 ₫,1 – 2 triệu,FALSE,
Bunnies,Bashful Luxe Bunny Juniper,Medium,2.950.000 ₫,2 – 3 triệu,TRUE,/img/1Nkzs7dgFQqpkbZ9n3kjYcRUrLLWIkZJ2
Bunnies,Bashful Luxe Bunny Juniper,Medium,3.550.000 ₫,3 – 4 triệu,TRUE,/img/1UhCyO7xKUItmKpxYvZvsKb_mTrconHMU
Bunnies,Bláthnaid Bunny,Medium,2.650.000 ₫,2 – 3 triệu,FALSE,
Bunnies,Bashful Luxe Bunny Nimbus,Medium,1.890.000 ₫,1 – 2 triệu,TRUE,/img/1v3ap36IiQQa3G51GYHetb5qAZ0erNN4J
Bunnies,Bashful Luxe Bunny Nimbus,Medium,1.850.000 ₫,1 – 2 triệu,TRUE,/img/1dBltakgPLx7mUZwIxisSsewpEEdSAMNP
Bunnies,Bashful Luxe Bunny Willow,Medium,1.890.000 ₫,1 – 2 triệu,TRUE,/img/1dBltakgPLx7mUZwIxisSsewpEEdSAMNP
Bunnies,Bashful Luxe Bunny Rosa,Medium,1.890.000 ₫,1 – 2 triệu,FALSE,
Bunnies,Luxe Bunny Luna,Medium,1.890.000 ₫,1 – 2 triệu,TRUE,/img/1rlxARZRuClsXMa2utQNohoArJsw-G-No
Bunnies,Bashful Luxe Bunny Scarlett,Medium,1.890.000 ₫,1 – 2 triệu,FALSE,
Bunnies,Bashful Patchwork Brown Bunny,Medium,1.890.000 ₫,1 – 2 triệu,TRUE,/img/1FxhC13xf-fsRH_WEaRoAfHmjh5RTlHWc
Bunnies,Blossom Tulip Pink Bunny,Medium,2.350.000 ₫,2 – 3 triệu,TRUE,/img/1dvEJu-7kYpFZtxjXwt-yIpr7TjGR6fMl
Bunnies,Blossom Tulip Pink Bunny,Medium,1.600.000 ₫,1 – 2 triệu,TRUE,/img/1l9bZA2bHkgpuFhRQhli_NxeIBU5Pi1C4
Bunnies,Blossom Sage Bunny,Medium,2.850.000 ₫,2 – 3 triệu,TRUE,/img/1AuFpJZ82v6nMcGGGAJq2RC_h71EB9Ka4
Bunnies,Blossom Sage Bunny,Medium,2.400.000 ₫,2 – 3 triệu,TRUE,/img/1fZNxPD_Wr3NX5qR5My3biHeBeCt4rd2o
Bunnies,Blossom Dusky Blue Bunny,Medium,2.850.000 ₫,2 – 3 triệu,TRUE,/img/1wou2EVZRnuWiWdYJHcqgHfnPqZsYIL9z
Bunnies,Blossom Dusky Blue Bunny,Medium,2.400.000 ₫,2 – 3 triệu,TRUE,/img/1i-cgWtG_aPVASuajJSYcDQ74MXUn6xAw
Bunnies,Blossom Beige Bunny 'Petal',Medium,1.450.000 ₫,1 – 2 triệu,TRUE,/img/1WXcb1KTffSK1pU1DE1RY4unWk-UZhjoO
Bunnies,Blossom Creme Bunny 'Berry',Medium,1.450.000 ₫,1 – 2 triệu,TRUE,/img/1eqFlj-xjaouVdMzUzo90lKRFE9M599_V
Bunnies,Blossom Silver Bunny 'Bloom',Medium,1.450.000 ₫,1 – 2 triệu,TRUE,/img/1hqrzBLLVPCpz_8-QFtj1cR1z9cpyi29M
Bunnies,Blossom Blush Bunny 'Cherry',Medium,1.550.000 ₫,1 – 2 triệu,TRUE,/img/1mL-mUj2ssnwYLQ_z-5bj41F6sn87_Br1
Bunnies,Bashful Twinkle Bunny,Medium,1.450.000 ₫,1 – 2 triệu,TRUE,/img/1nfyi4umUrpDcjwgpUR8Rb1T2Kkc0u3Um
Bunnies,Bashful Bunny with Graduation Outfit,Medium,2.050.000 ₫,2 – 3 triệu,TRUE,/img/1BxrZKokR_5HAVcGxcnrctTGGjxk5s_x-
Bunnies,Cream Bunny with Rose,Medium,1.850.000 ₫,1 – 2 triệu,TRUE,/img/1JIWNsI0rMrSpg46PIRoCA2kBYmSygfnn
Bunnies,Cream Bunny with Star,Medium,1.850.000 ₫,1 – 2 triệu,TRUE,/img/1cicnyCWSUnPc9WBqwlqx7I-hETI3CYx7
Bunnies,Cream Bunny with Plant,Medium,1.850.000 ₫,1 – 2 triệu,TRUE,/img/1HGMF3GGF6X0bLMN-MGPO-G9NuCx_dOS9
Bunnies,Bashful Bunny Beige Backpack,Medium,2.850.000 ₫,2 – 3 triệu,TRUE,/img/1oEGNsC9EIknVBRQODKU8sImfAOLrtBWX
Bunnies,Bashful Beige Bunny 'Birthday',Medium,1.850.000 ₫,1 – 2 triệu,TRUE,/img/17V82j7-HhSsltwRFTWoLxOkzXd19aXDF
Bunnies,Bashful Beige Bunny,Medium,1.250.000 ₫,1 – 2 triệu,TRUE,/img/1vslO6_3JcDe7qid1o3T6tb3YSYuEiDCQ
Bunnies,Bashful Pink Bunny,Medium,1.250.000 ₫,1 – 2 triệu,TRUE,/img/1vSzWWCfb4RCzm_9DNw78KzJFa2YjK2Sy
Bunnies,Bashful Blue Bunny,Medium,1.450.000 ₫,1 – 2 triệu,TRUE,/img/1o3rzwXQpwilBEF-JvVXjIMAhuNaVZ2Qa
Bunnies,Bashful Cream Bunny,Medium,1.250.000 ₫,1 – 2 triệu,TRUE,/img/1kDi1x38O780p6dGme_3yTe7nxMEneoCb
Bunnies,Bashful Blush Bunny,Medium,1.250.000 ₫,1 – 2 triệu,TRUE,/img/1aRj82cZicZMIFCkRerG6Zt4XbfwNAeAl
Bunnies,Bashful Tulip Pink Bunny,Medium,1.250.000 ₫,1 – 2 triệu,TRUE,/img/1Ado8Zze0cVFQHouQMghR06j3EgGqDmFb
Bunnies,Bashful Viola Bunny,Medium,1.450.000 ₫,1 – 2 triệu,TRUE,/img/1_fs0QMNbf_GKGplBG6fpccLclVYQluBm
Bunnies,Bashful Silver Bunny,Medium,1.250.000 ₫,1 – 2 triệu,FALSE,
Bunnies,Bashful Lilac Bunny,Medium,1.450.000 ₫,1 – 2 triệu,TRUE,/img/1o3rzwXQpwilBEF-JvVXjIMAhuNaVZ2Qa
Bunnies,Bashful Oatmeal Bunny,Medium,2.850.000 ₫,2 – 3 triệu,TRUE,/img/1HGWbZxU5xbnpOy65fZHwGOt4LPjdsh_M
Bunnies,Bashful Lavender Bunny,Medium,2.350.000 ₫,2 – 3 triệu,TRUE,/img/1Xo6qPYU4-iHDLXoko--ap2MjMjkOx6ix
Bunnies,Bashful Blush Bunny,Medium,2.850.000 ₫,2 – 3 triệu,FALSE,
Bunnies,Bashful Moss Bunny,Medium,2.400.000 ₫,2 – 3 triệu,FALSE,
Bunnies,Bashful Sorrel Bunny,Medium,2.850.000 ₫,2 – 3 triệu,TRUE,/img/13KhMqfI3d8d72uCstD0O3YlfF16j4J1B
Bunnies,Bashful Golden Bunny,Medium,2.850.000 ₫,2 – 3 triệu,TRUE,/img/1lvVrceG1xCzjgorYIoUSpWu49bEiCMWc
Bunnies,Bashful Inky Bunny,Medium,5.500.000 ₫,Trên 5 triệu,TRUE,
Bunnies,Bashful Luxe Amberley Bunny,Medium,10.500.000 ₫,Trên 5 triệu,FALSE,
Bear,Oatus Bear with Icecream,Medium,2.350.000 ₫,2 – 3 triệu,FALSE,
Bear,Oatus Bear with Icecream,Medium,2.000.000 ₫,2 – 3 triệu,TRUE,/img/165YizljKhs5pWuDYK0vnSgCNAI4QzE6D
Bear,Leola Bear with Strawberry Cake - Beijing,Medium,3.250.000 ₫,3 – 4 triệu,FALSE,
Bear,Leola Bear with Strawberry Cake - Beijing,Medium,2.800.000 ₫,2 – 3 triệu,FALSE,
Bear,Leola Bear,Medium,1.350.000 ₫,1 – 2 triệu,TRUE,/img/1EQ1G2TCpLaNnm9-fCi3lYbepfC8cG2zM
Bear,Bartholomew Bear ,Medium,1.150.000 ₫,1 – 2 triệu,FALSE,
Bear,Bartholomew Bear Cupcake,Medium,3.550.000 ₫,3 – 4 triệu,TRUE,/img/18kV7Zb7PnTktTkw3KXMVW1iWqfIu_PsN
Bear,Bartholomew Bear Cupcake,Medium,2.800.000 ₫,2 – 3 triệu,TRUE,/img/1jgAFJB1aTa1wMBrIMB6wtPNyNkabGDvn
Bear,Bartholomew Bear Sun Outfit,Medium,2.350.000 ₫,2 – 3 triệu,TRUE,/img/1YSP-QmP5Y6ae11fzoCjQzBn7mUSe00xk
Bear,Bartholomew Bear All-in-one Outfit,Medium,1.850.000 ₫,1 – 2 triệu,TRUE,/img/1CAzaWbJVQGr4G_7VkO6pRd7RMolcfKcM
Bear,Bartholomew Bear Bathrobe,Medium,1.750.000 ₫,1 – 2 triệu,TRUE,/img/1mL1uU8fKc1YzzA7rMjMIIhCAPJBuYTTg
Bear,Bartholomew Bear Bat,Medium,2.850.000 ₫,2 – 3 triệu,TRUE,/img/1yX8IVpHp7uGTzzitWfKslFTN6YsBkHTD
Bear,Bartholomew Bear Winter Pyjamas,Medium,1.550.000 ₫,1 – 2 triệu,TRUE,/img/1byaHQuxpToDBVGssBCH7vwBEsKZX1QkW
Bear,Bartholomew Eggplant Bear,Medium,2.350.000 ₫,2 – 3 triệu,TRUE,/img/1_OictAHWCy_skXjny6LibHtxbvOmIgJx
Bear,Bartholomew Bear 'Spider',Medium,1.850.000 ₫,1 – 2 triệu,TRUE,/img/1BKhkPOQgJsyAATFOFnbCyvzG8aIj8iSf
Bear,Bartholomew Bear 'Bumble Bee',Medium,1.950.000 ₫,1 – 2 triệu,TRUE,/img/12K36183MDu5QJ9hkXQTk4_sqa29v7fnG
Bear,Bartholomew Bear Daffodil Outfit,Medium,2.350.000 ₫,2 – 3 triệu,TRUE,/img/1wLZNZgIHsdzicMrpqYTKs09CCNiCbEcQ
Smudge,Smudge Fox,Medium,1.850.000 ₫,1 – 2 triệu,TRUE,/img/1yTFIBecsoWzbgoeaZI5myg9NIQWpIm0I
Smudge,Smudge Panda,Medium,1.550.000 ₫,1 – 2 triệu,TRUE,/img/1hVQdQTl5rPzdK6TOY9ipcbFNY_2NGNZ1
Smudge,Smudge Elephant,Medium,1.550.000 ₫,1 – 2 triệu,TRUE,/img/1J3iU-J9SqzIYoIgef5Mxp7hN9JLk5LFK
Smudge,Smudge Pig,Medium,1.550.000 ₫,1 – 2 triệu,TRUE,/img/1BUQye_nD5pMcYPtB1O69VzocG-IupRJI
Smudge,Smudge Rabbit,Medium,1.550.000 ₫,1 – 2 triệu,TRUE,/img/12Kb_lnVxT8LyQuHQiYtASpxb0BXwpHjP
Smudge,Smudge Apricot Rabbit,Medium,1.550.000 ₫,1 – 2 triệu,TRUE,/img/1H_qZc7SanzlMq83cC9Z_ilgvIONUVTQ9
Other Animals,Bashful Duckling,Medium,1.250.000 ₫,1 – 2 triệu,TRUE,/img/13kA3fgsl9SuwF-1SfGUBwPC_HmEfCHB6
Other Animals,Dorit Duckling,Medium,1.450.000 ₫,1 – 2 triệu,TRUE,/img/16fTkzSailUrYoM9EDzuZskkzqv5p5g-1
Puppy,Bashful Black & Cream Puppy,Medium,1.250.000 ₫,1 – 2 triệu,TRUE,/img/16pv50Ny06b8hbLTEk8oUmn5_rihnAIK-
Puppy,Tumblie Sheep Dog,Medium,1.350.000 ₫,1 – 2 triệu,TRUE,/img/1ucLGWlAv4z9_jY4Qqx54MUiMJiVEY4eU
Puppy,Munro Scottie Dog,Medium,1.450.000 ₫,1 – 2 triệu,TRUE,/img/1y3qudk0MfqmVBJVV_ueMhB-aCXzMMYdA
Puppy,Munro Scottie Dog Space Outfit,Medium,2.150.000 ₫,2 – 3 triệu,TRUE,/img/1hN1Z5kpShymSUsdrlcQO41R31PENpfBw
Puppy,Bashful Luxe Puppy Orlando,Medium,1.850.000 ₫,1 – 2 triệu,TRUE,/img/1nAoRpFrcXIEXlkfnjFM4IuV5LSloKIBn
Other Animals,Koala with Message,Medium,1.650.000 ₫,1 – 2 triệu,TRUE,/img/1aHZgcicV_BD1ZUT_um8SDgaKPGVE2nFh
Other Animals,Jerboa,Medium,1.350.000 ₫,1 – 2 triệu,TRUE,/img/1JFIngPxsT8qGjBNCcoDNaGC-lbjZGnmt
Other Animals,Sacha Snow Tiger,Little,1.650.000 ₫,1 – 2 triệu,TRUE,/img/1gdmjgPiSstNQLNRx8JdX4hQTtJU27J2m
Other Animals,Bashful Luxe Elephant Thuddeus,Medium,1.850.000 ₫,1 – 2 triệu,TRUE,/img/1gfOQDvMJDSKnHl3DB-7es4oqRoNxz3pk
Other Animals,Zumblebi Alien,Medium,2.450.000 ₫,2 – 3 triệu,TRUE,/img/1ci7_ZKeNyfhKvQo2In52vzvfaWj6mk3Y
Other Animals,Bashful Dino,Medium,1.450.000 ₫,1 – 2 triệu,TRUE,/img/1RdOYuYx9rIUkabERz551Lpj2cY__6x_W
Other Animals,Bashful Giraffe,Medium,1.450.000 ₫,1 – 2 triệu,TRUE,/img/1wbUIL5VHbqnZaHA0EwMNmvKBkxMzjeMZ
Other Animals,Bashful Monkey,Medium,1.350.000 ₫,1 – 2 triệu,TRUE,/img/1xTxFUMVLhVwNbedMigPdfDwbSC6GZsPd
Other Animals,Brooke Otter,Medium,1.350.000 ₫,1 – 2 triệu,FALSE,
Other Animals,Carissa Persian Cat,Medium,1.550.000 ₫,1 – 2 triệu,TRUE,/img/1qxVgS1EuwTzLmfKHVrsgYpshWX9-MvA2
Other Animals,Bashful Fox Cub,Medium,1.550.000 ₫,1 – 2 triệu,TRUE,/img/1cFo_cuPbw_g64RsCbCcuTLSiJxXY-_zc
Fuddlewuddle,Fuddlewuddle Lion,Medium,1.550.000 ₫,1 – 2 triệu,TRUE,/img/1R8AfD686U0BiP1mBuCqYdwmX1Qx2Mnyw
Fuddlewuddle,Fuddlewuddle Elephant,Medium,1.550.000 ₫,1 – 2 triệu,TRUE,/img/1r9N91EatsbTarFNL2SWa0rBWI9LVVF4Q
Amuseables,Amuseables Peach,Medium,1.350.000 ₫,1 – 2 triệu,TRUE,/img/1jB4nMwTC4jyJzRWfFV5zj_6iauOYtJ5u
Amuseables,Amuseables Lightbulb,Medium,1.650.000 ₫,1 – 2 triệu,TRUE,/img/1fkrDiRkr1aRYcYoU7hf4TX3OAciUhHMy
Amuseables,Amuseables Rainbow Birthday Cake,Medium,1.550.000 ₫,1 – 2 triệu,TRUE,/img/1fkrDiRkr1aRYcYoU7hf4TX3OAciUhHMy
Amuseables,Amuseables Birthday Cake,Medium,1.550.000 ₫,1 – 2 triệu,FALSE,
Amuseables,Amuseables Fran Pancakes,Medium,1.650.000 ₫,1 – 2 triệu,TRUE,/img/1SSE7UHM8ORzjZEuIj1FcMRQjXEUPwMQ1
Amuseables,Amuseables Cheri Cake,Medium,1.550.000 ₫,1 – 2 triệu,TRUE,/img/1j-h6vy-U71euNngrDpmghJ8ycJH3g_vz
Amuseables,Amuseables Carrot Cake,Medium,1.550.000 ₫,1 – 2 triệu,TRUE,/img/13igEEROFVJKZQ_mLRHJAl6m-_k2HKruI
Amuseables,Glacy Chocolate Cake,Medium,2.850.000 ₫,2 – 3 triệu,TRUE,/img/1e6PMNMD8vMkT5hjengDFJQ6_YAiwFiG3
Amuseables,Amuseables Sports Cariss Curling Stone,Medium,2.250.000 ₫,2 – 3 triệu,TRUE,/img/1V_3Vy4Q69Y__o1Ie5fXhxFc9A-y5V8Kg
Amuseables,Amuseables Bouquet of Flowers,Medium,1.850.000 ₫,1 – 2 triệu,TRUE,/img/1HB1xUM0WMgGXE119oYkzWQl-EeEWJN_d
Amuseables,Amuseables Rose Bouquet,Medium,1.850.000 ₫,1 – 2 triệu,TRUE,/img/1sUxql0leAMHwiI7v2gOug8jRYshp1MIN
Amuseables,Amuseables Hydrangea,Medium,2.650.000 ₫,2 – 3 triệu,TRUE,/img/1uqbfJ8qPJHw_RmH7UW4L4oDlbox3gNnX
Amuseables,Amuseables Jellysaucer,Medium,2.850.000 ₫,2 – 3 triệu,TRUE,/img/1_64h-WxrSm5HWQBWnF7IZG8ox9c2m4nf
Amuseables,Amuseables Sports Football,Medium,1.950.000 ₫,1 – 2 triệu,FALSE,
Amuseables,Amuseables Sports Football,Medium,2.250.000 ₫,2 – 3 triệu,FALSE,
Other Animals,Zyllan Alien,Medium,1.950.000 ₫,1 – 2 triệu,FALSE,
Bear,Bartholomew Bear Winter Pyjamas,Medium,2.350.000 ₫,2 – 3 triệu,TRUE,/img/1pglsQRLoaBmcFy_LjYCFvTpqKqQklTTw
Bear,Bartholomew Eggplant Bear,Medium,2.950.000 ₫,2 – 3 triệu,TRUE,/img/19b9GVmVPvcalqnAir-APTJ1g6C6K08Jk
Bunnies,Puddlesea Bunny,Medium,1.890.000 ₫,1 – 2 triệu,TRUE,/img/1R_pjfF8qunb7pjW5RzjS7UkWMgy3q9Nv
Bunnies,Blushkin Blossom Luxe Bunny,Medium,1.890.000 ₫,1 – 2 triệu,TRUE,/img/1h8DvdL_3-XVXQaS3yNrSHecySwzhF5H9
Other Animals,Bashful Unicorn,Medium,1.450.000 ₫,1 – 2 triệu,TRUE,/img/12rNtyS3GKmcLGxWXEHN579BxvaePZnQK
Smudge,Smudge Bear,Medium,1.550.000 ₫,1 – 2 triệu,TRUE,/img/1Dwn89Vrwu983WJ77jl6PuZlJmJDLWJzg
Smudge,Smudge Monkey,Medium,1.550.000 ₫,1 – 2 triệu,TRUE,/img/1zyKmf0pGTG0aP_HK_CEF8B0YCWPVqGTl
Other Animals,Roarwell Sea Lion,Medium,2.050.000 ₫,2 – 3 triệu,TRUE,/img/130w7RwFgkWzGhcTrbgxszVFnxZTqby-P
Bear,Bartholomew Bear Seafarer Outfit,Medium,2.550.000 ₫,2 – 3 triệu,TRUE,/img/1p-3EvBNoTdx01jq35MID3YTAQdFhQXPc
Other Animals,Larry Lobster Sailor Outfit,Medium,2.550.000 ₫,2 – 3 triệu,TRUE,/img/1fOI6Kv_QvwRL6MWB_4nQd2uBIgdgbl6d
Other Animals,Keli Pelican,Medium,2.550.000 ₫,2 – 3 triệu,TRUE,/img/1b9ibTxeFUVSIMltD6xCTseCjzEJve0El
Other Animals,Maffles Manatee,Medium,2.550.000 ₫,2 – 3 triệu,TRUE,/img/1wAQCojGCCu6k19n5QV72Yoy-UirzfyE8
Amuseables,Amuseables Sun 'Roller Skates',Medium,2.050.000 ₫,2 – 3 triệu,TRUE,/img/18pw6GieYU2PGTc4ho13iEo0C9tq31MEY
Amuseables,Amuseables Football,Medium,2.350.000 ₫,2 – 3 triệu,TRUE,/img/1CfRit04pnB2a4h5UmwPX9Ixr6vxJKcNh
Bunnies,Blossom Tulip Pink Bunny,Large,2.890.000 ₫,2 – 3 triệu,TRUE,/img/1QPudmwsU9tlomncGOps5FPp7_qDXXq3x
Bunnies,Bashful Cream Bunny,Large,1.850.000 ₫,1 – 2 triệu,TRUE,/img/1FTggx8Z3lSzHfgu8Csyvj3qz-YPE7lnx
Bear,Leola Bear,Large,1.850.000 ₫,1 – 2 triệu,TRUE,/img/1l_RnGbcO81I8MwCiWnRFDlgla76WG3fE
Bear,Bartholomew Bear ,Large,1.750.000 ₫,1 – 2 triệu,TRUE,/img/1tpJcOUrY23-1HM7XE--5aia1rBzjcLAt
Dragon,Lazulia Dragon,Large,2.750.000 ₫,2 – 3 triệu,TRUE,/img/1k-gwHNJVhOCjKDD_blp3WUsoue4lc6Jn
Dragon,Lavender Dragon,Large,2.750.000 ₫,2 – 3 triệu,TRUE,/img/1NE3jpVHgwx3P4Rsi7AC5j0Yyryhg4k9U
Dragon,Sky Dragon,Large,2.750.000 ₫,2 – 3 triệu,TRUE,/img/1Dlr5nkcFoSiVxd_-7taKaSp38Wj5nV7A
Dragon,Heart Dragon,Large,2.750.000 ₫,2 – 3 triệu,TRUE,/img/1Y-cmcl9IulCPLyFA3WOP-GZPS4l5D0ym
Dragon,Malachy Dragon ,Large,2.750.000 ₫,2 – 3 triệu,TRUE,/img/1mQ8wmNRMusMnUkvw_MWNTZP_TFSTQwMz
Dragon,Snow Dragon ,Large,2.750.000 ₫,2 – 3 triệu,TRUE,/img/1e0ng3vutV0Z5QpsLdkzSqT8vFDxvnnbo
Other Animals,Vivien Reindeer,Large,3.750.000 ₫,3 – 4 triệu,TRUE,/img/1Hs-R7T5Kb3WcVy-SumFCe7RLQvyg21PQ
Other Animals,Sofia Reindeer,Large,3.750.000 ₫,3 – 4 triệu,TRUE,/img/1_hzYMG0QrBD5aZ5oD3apUVqPOueGP5bM
Other Animals,Bashful Snow Tiger,Huge,3.850.000 ₫,3 – 4 triệu,TRUE,/img/1HuIJ89Hmwoo3WqUITccb8Ckau7J-pM2W
Bear,Bartholomew Bear ,Huge,2.050.000 ₫,2 – 3 triệu,TRUE,/img/1u9Tg_53xz0AmGYNHsvVx6691T61DSZfC
Dragon,Rose Dragon ,Huge,10.000.000 ₫,Trên 5 triệu,TRUE,/img/1mNciqSpZq4Ng6xRHgbFg3JdBLag_3PEc
Dragon,Snow Dragon ,Huge,5.750.000 ₫,Trên 5 triệu,TRUE,/img/1W3Bi3fYlyYd3E9idqyG-DIwbDagXbKaP
Dragon,Dexter Huge,Huge,5.750.000 ₫,Trên 5 triệu,FALSE,
Bunnies,Blossom Blush Bunny 'Cherry',Huge,4.350.000 ₫,4 – 5 triệu,FALSE,
Bunnies,Blossom Beige Bunny 'Petal',Huge,4.350.000 ₫,4 – 5 triệu,FALSE,
Bunnies,Bashful Beige Bunny,Huge,3.650.000 ₫,3 – 4 triệu,FALSE,
Bunnies,Bashful Cream Bunny,Huge,3.650.000 ₫,3 – 4 triệu,FALSE,
Bunnies,Luxe Bunny Azure,Huge,5.850.000 ₫,Trên 5 triệu,FALSE,
Bunnies,Luxe Bunny Scarlett Huge,Huge,4.550.000 ₫,4 – 5 triệu,FALSE,
Bunnies,Luxe Bunny Rosa,Huge,4.550.000 ₫,4 – 5 triệu,FALSE,
Bunnies,Bashful Luxe Luna,Huge,4.550.000 ₫,4 – 5 triệu,FALSE,
Bunnies,Springlowe Luxe Bunny,Huge,4.350.000 ₫,4 – 5 triệu,TRUE,/img/1Q7BgTsR1gnPTuDjjs3ERC_LgsnB-0txw
Bunnies,Bashful Unicorn,Huge,3.850.000 ₫,3 – 4 triệu,TRUE,/img/1YrIg50xt_dC7EZcGoCAYoUKfW7dxNjb1
Bunnies,Luxe Bunny Rosa,Huge,,,TRUE,/img/1Z2On7is9asEfylyKXANzCEXah-d1rlj9
Other Animals,Bashful Luxe Elephant Thuddeus,Huge,3.650.000 ₫,3 – 4 triệu,TRUE,/img/1_edn7qkiVlejW4NLJ_62OUK7NEBPM30R
Other Animals,Bashful Snow Tiger,Really Big,6.550.000 ₫,Trên 5 triệu,TRUE,/img/1CzzKCy4-3ZrIivFuRPX0MUFs0EL2p1_y
Bear,Bartholomew Bear ,Really Big,4.950.000 ₫,4 – 5 triệu,TRUE,/img/16k3NCHZp5YqLpfLTPHrRO98OnwqpbWT1
Other Animals,Bashful Unicorn,Really Big,5.950.000 ₫,Trên 5 triệu,TRUE,/img/1IeyEDpTX1yfacoDsuWbNWTbs6omT8aA3
Musical Pull,Blossom Bea Beige Bunny Musical Pull,,1.950.000 ₫,1 – 2 triệu,TRUE,/img/1JkZN7UVFgAHTOZCA1nqEuIxgzpbgbEFw
Musical Pull,Bashful Bunny Musical Pull Cream,,1.950.000 ₫,1 – 2 triệu,FALSE,
Musical Pull,Bashful Bunny Musical Pull Baby Blue,,1.950.000 ₫,1 – 2 triệu,TRUE,/img/1APh9t3GZATjZZDOrLuewjsUy_DLchiZ6
Musical Pull,Bashful Bunny Musical Pull Blush,,1.950.000 ₫,1 – 2 triệu,TRUE,/img/15wD928TdFps-Bg7sZ7Zuk1HAKOgJ7L8x
Musical Pull,Amuseables Moon Musical Pull,-,1.950.000 ₫,1 – 2 triệu,TRUE,/img/1MptkQkG-slUI7llOjsp_xteIUtMRo1u7
Musical Pull,Amuseables Sun Musical Pull,,1.950.000 ₫,1 – 2 triệu,TRUE,/img/1HBcRjCr2EEXTGEakccOsmT03tgvGASa_
Musical Pull,Bartholomew Bear Musical Pull,,1.950.000 ₫,1 – 2 triệu,TRUE,
Musical Pull,Blossom Cream Bunny 'Berry' Musical Pull,,1.950.000 ₫,1 – 2 triệu,TRUE,/img/18yeXUMPT9WeNKlNHNOxDIHZyE79NRXBQ
Musical Pull,Bashful Giraffe Musical Pull,-,1.950.000 ₫,1 – 2 triệu,FALSE,
Musical Pull,Bashful Black & Cream Puppy Musical Pull,-,1.950.000 ₫,1 – 2 triệu,TRUE,/img/1GzCWL5QkesvdLXdi7lEVXLCFY3tIc8vU
Musical Pull,Amuseables Stratto Cloud Musical Pull,-,1.950.000 ₫,1 – 2 triệu,TRUE,/img/11qE3Ozhnug1PGmjHhWZJ7-s4fdVP2pMB
Musical Pull,Bashful Fox Cub Musical Pull,-,1.950.000 ₫,1 – 2 triệu,TRUE,/img/1io56IvjI_V4no016265SWyT58cmrablz
Toy,Odell Octopus Activity Toy,-,1.950.000 ₫,1 – 2 triệu,TRUE,/img/10xe1ncpQhzjpPMvBxtP4cTM4mcoSowYu
Soother,Jellycat Bashful Blush Bunny Soother,-,1.350.000 ₫,1 – 2 triệu,FALSE,
Musical Pull,Blossom Tulip Bunny Star Musical Pull,-,1.950.000 ₫,1 – 2 triệu,FALSE,
Bag Charm,"Miffy Flat ECO Corduroy Keychain Buttercream - 4""",,750.000 ₫,Dưới 1 triệu,FALSE,
Bag Charm,Miffy Flat ECO Corduroy Keychain - Off White,,750.000 ₫,Dưới 1 triệu,FALSE,
Bag Charm,Miffy Flat ECO Corduroy Keychain - Dusty Rose,,750.000 ₫,Dưới 1 triệu,FALSE,
Bag Charm,Miffy ECO Corduroy Keychain - Grey,,850.000 ₫,Dưới 1 triệu,FALSE,
Bag Charm,Miffy ECO Corduroy Keychain - Pink,,850.000 ₫,Dưới 1 triệu,FALSE,
Bag Charm,Miffy ECO Corduroy Keychain - Off White,,850.000 ₫,Dưới 1 triệu,FALSE,
Bag Charm,Amuseables Heart Bag Charm,,980.000 ₫,Dưới 1 triệu,FALSE,
Bag Charm,Bartholomew Bear Bag Charm,,980.000 ₫,Dưới 1 triệu,FALSE,
Bag Charm,Amuseables  Bag Charm Peanut,-,980.000 ₫,Dưới 1 triệu,FALSE,
Bag Charm,Amuseables Aubergine Bag Charm,-,980.000 ₫,Dưới 1 triệu,FALSE,
Bag Charm,Amuseables Bag Charm Marshmallow,-,980.000 ₫,Dưới 1 triệu,FALSE,
Bag Charm,Amuseables Cherries Bag Charm,-,980.000 ₫,Dưới 1 triệu,FALSE,
Bag Charm,Bunny Beige Bag Charm,,980.000 ₫,Dưới 1 triệu,FALSE,
Bag Charm,Amuseables Peach Bag Charm,-,980.000 ₫,Dưới 1 triệu,FALSE,
Bag Charm,Amuseables Bag Charm Baguett,,980.000 ₫,Dưới 1 triệu,FALSE,
Bag Charm,Amuseables Coffee Bean Bag Charm,,980.000 ₫,Dưới 1 triệu,FALSE,
Bag Charm,Amuseables Coffee-to-Go Bag Charm,,980.000 ₫,Dưới 1 triệu,FALSE,
Bag Charm,Peanut Penguin Bag Charm,,980.000 ₫,Dưới 1 triệu,FALSE,
Bag Charm,Little Pup Bag Charm,,980.000 ₫,Dưới 1 triệu,FALSE,
Bag Charm,Amuseables Storm Cloud Bag Charm,,980.000 ₫,Dưới 1 triệu,FALSE,
Bag Charm,Amuseables Siofra Shamrock Bag Charm,-,1.250.000 ₫,1 – 2 triệu,FALSE,
Bag Charm,Bashful Zodihop Bunny Bag Charm,-,1.250.000 ₫,1 – 2 triệu,FALSE,
Bag Charm,Amuseables Fran Pancakes Bag Charm,,1.250.000 ₫,1 – 2 triệu,FALSE,
Bag Charm,Sky Dragon Bag Charm,,1.250.000 ₫,1 – 2 triệu,FALSE,
Bag Charm,Amuseables Sun Bag Charm,,1.250.000 ₫,1 – 2 triệu,FALSE,
Bag Charm,Amuseables Croissant Bag Charm,,1.250.000 ₫,1 – 2 triệu,FALSE,
Bag Charm,Fergus Frog Bag Charm,,1.250.000 ₫,1 – 2 triệu,FALSE,
Bag Charm,Test,,1.250.000 ₫,1 – 2 triệu,FALSE,
,,,,,FALSE,
,,,,,FALSE,
,,,,,FALSE,
,,,,,FALSE,
,,,,,FALSE,
,,,,,FALSE,
,,,,,FALSE,
,,,,,FALSE,
,,,,,FALSE,
,,,,,FALSE,
,,,,,FALSE,
,,,,,FALSE,
,,,,,FALSE,
,,,,,FALSE,
,,,,,FALSE,
,,,,,FALSE,
,,,,,FALSE,
,,,,,FALSE,
,,,,,FALSE,
,,,,,FALSE,
,,,,,FALSE,
,,,,,FALSE,
,,,,,FALSE,
,,,,,FALSE,
,,,,,FALSE,
,,,,,FALSE,
,,,,,FALSE,
,,,,,FALSE,
,,,,,FALSE,
,,,,,FALSE,
,,,,,FALSE,
,,,,,FALSE,
,,,,,FALSE,
,,,,,FALSE,
,,,,,FALSE,
,,,,,FALSE,
,,,,,FALSE,
,,,,,FALSE,
,,,,,FALSE,
,,,,,FALSE,
,,,,,FALSE,
,,,,,FALSE,
,,,,,FALSE,
,,,,,FALSE,
,,,,,FALSE,
,,,,,FALSE,
,,,,,FALSE,
,,,,,FALSE,
,,,,,FALSE,
,,,,,FALSE,
,,,,,FALSE,
,,,,,FALSE,
,,,,,FALSE,
,,,,,FALSE,
,,,,,FALSE,
,,,,,FALSE,
,,,,,FALSE,
,,,,,FALSE,
,,,,,FALSE,
,,,,,FALSE,
,,,,,FALSE,
,,,,,FALSE,
,,,,,FALSE,
,,,,,FALSE,
,,,,,FALSE,
,,,,,FALSE,
,,,,,FALSE,
,,,,,FALSE,
,,,,,FALSE,
,,,,,FALSE,
,,,,,FALSE,
,,,,,FALSE,
,,,,,FALSE,
,,,,,FALSE,
,,,,,FALSE,
,,,,,FALSE,
,,,,,FALSE,
,,,,,FALSE,
,,,,,FALSE,
,,,,,FALSE,
,,,,,FALSE,
,,,,,FALSE,
,,,,,FALSE,
,,,,,FALSE,
,,,,,FALSE,
,,,,,FALSE,
,,,,,FALSE,
,,,,,FALSE,
,,,,,FALSE,
,,,,,FALSE,
,,,,,FALSE,
,,,,,FALSE,
,,,,,FALSE,
,,,,,FALSE,
,,,,,FALSE,
,,,,,FALSE,
,,,,,FALSE,
,,,,,FALSE,
,,,,,FALSE,
,,,,,FALSE,
,,,,,FALSE,
,,,,,FALSE,
,,,,,FALSE,
,,,,,FALSE,
,,,,,FALSE,
,,,,,FALSE,
,,,,,FALSE,
,,,,,FALSE,
,,,,,FALSE,
,,,,,FALSE,
,,,,,FALSE,
,,,,,FALSE,
,,,,,FALSE,
,,,,,FALSE,
,,,,,FALSE,
,,,,,FALSE,
,,,,,FALSE,
,,,,,FALSE,
,,,,,FALSE,
,,,,,FALSE,
,,,,,FALSE,
,,,,,FALSE,
,,,,,FALSE,
,,,,,FALSE,
,,,,,FALSE,
,,,,,FALSE,
,,,,,FALSE,
,,,,,FALSE,
,,,,,FALSE,
,,,,,FALSE,
,,,,,FALSE,
,,,,,FALSE,
,,,,,FALSE,
,,,,,FALSE,
,,,,,FALSE,
,,,,,FALSE,
,,,,,FALSE,
,,,,,FALSE,
,,,,,FALSE,
,,,,,FALSE,
,,,,,FALSE,
,,,,,FALSE,
,,,,,FALSE,
,,,,,FALSE,
,,,,,FALSE,
,,,,,FALSE,
,,,,,FALSE,
,,,,,FALSE,
,,,,,FALSE,
,,,,,FALSE,
,,,,,FALSE,
,,,,,FALSE,
,,,,,FALSE,
,,,,,FALSE,
,,,,,FALSE,
,,,,,FALSE,
,,,,,FALSE,
,,,,,FALSE,
,,,,,FALSE,
,,,,,FALSE,
,,,,,FALSE,
,,,,,FALSE,
,,,,,FALSE,
,,,,,FALSE,
,,,,,FALSE,
,,,,,FALSE,
,,,,,FALSE,
,,,,,FALSE,
,,,,,FALSE,
,,,,,FALSE,
,,,,,FALSE,
,,,,,FALSE,
,,,,,FALSE,
,,,,,FALSE,
,,,,,FALSE,
,,,,,FALSE,
,,,,,FALSE,
,,,,,FALSE,
,,,,,FALSE,
,,,,,FALSE,
,,,,,FALSE,
,,,,,FALSE,
,,,,,FALSE,
,,,,,FALSE,
,,,,,FALSE,
,,,,,FALSE,
,,,,,FALSE,
,,,,,FALSE,
,,,,,FALSE,
,,,,,FALSE,
,,,,,FALSE,
,,,,,FALSE,
,,,,,FALSE,
,,,,,FALSE,
,,,,,FALSE,
,,,,,FALSE,
,,,,,FALSE,
,,,,,FALSE,
,,,,,FALSE,
,,,,,FALSE,
,,,,,FALSE,
,,,,,FALSE,
,,,,,FALSE,
,,,,,FALSE,
,,,,,FALSE,
,,,,,FALSE,
,,,,,FALSE,
,,,,,FALSE,
,,,,,FALSE,
,,,,,FALSE,
,,,,,FALSE,
,,,,,FALSE,
,,,,,FALSE,
,,,,,FALSE,
,,,,,FALSE,
,,,,,FALSE,
,,,,,FALSE,
,,,,,FALSE,
,,,,,FALSE,
,,,,,FALSE,
,,,,,FALSE,
,,,,,FALSE,
,,,,,FALSE,
,,,,,FALSE,
,,,,,FALSE,
,,,,,FALSE,
,,,,,FALSE,
,,,,,FALSE,
,,,,,FALSE,
,,,,,FALSE,
,,,,,FALSE,
,,,,,FALSE,
,,,,,FALSE,
,,,,,FALSE,
,,,,,FALSE,
,,,,,FALSE,
,,,,,FALSE,
,,,,,FALSE,
,,,,,FALSE,
,,,,,FALSE,
,,,,,FALSE,
,,,,,FALSE,
,,,,,FALSE,
,,,,,FALSE,
,,,,,FALSE,
,,,,,FALSE,
,,,,,FALSE,
,,,,,FALSE,
,,,,,FALSE,
,,,,,FALSE,
,,,,,FALSE,
,,,,,FALSE,
,,,,,FALSE,
,,,,,FALSE,
,,,,,FALSE,
,,,,,FALSE,
,,,,,FALSE,
,,,,,FALSE,
,,,,,FALSE,
,,,,,FALSE,
,,,,,FALSE,
,,,,,FALSE,
,,,,,FALSE,
,,,,,FALSE,
,,,,,FALSE,
,,,,,FALSE,
,,,,,FALSE,
,,,,,FALSE,
,,,,,FALSE,
,,,,,FALSE,
,,,,,FALSE,
,,,,,FALSE,
,,,,,FALSE,
,,,,,FALSE,
,,,,,FALSE,
,,,,,FALSE,
,,,,,FALSE,
,,,,,FALSE,
,,,,,FALSE,
,,,,,FALSE,
,,,,,FALSE,
,,,,,FALSE,
,,,,,FALSE,
,,,,,FALSE,
,,,,,FALSE,
,,,,,FALSE,
,,,,,FALSE,
,,,,,FALSE,
,,,,,FALSE,
,,,,,FALSE,
,,,,,FALSE,
,,,,,FALSE,
,,,,,FALSE,
,,,,,FALSE,
,,,,,FALSE,
,,,,,FALSE,
,,,,,FALSE,
,,,,,FALSE,
,,,,,FALSE,
,,,,,FALSE,
,,,,,FALSE,
,,,,,FALSE,
,,,,,FALSE,
,,,,,FALSE,
,,,,,FALSE,
,,,,,FALSE,
,,,,,FALSE,
,,,,,FALSE,
,,,,,FALSE,
,,,,,FALSE,
,,,,,FALSE,
,,,,,FALSE,
,,,,,FALSE,
,,,,,FALSE,
,,,,,FALSE,
,,,,,FALSE,
,,,,,FALSE,
,,,,,FALSE,
,,,,,FALSE,
,,,,,FALSE,
,,,,,FALSE,
,,,,,FALSE,
,,,,,FALSE,
,,,,,FALSE,
,,,,,FALSE,
,,,,,FALSE,
,,,,,FALSE,
,,,,,FALSE,
,,,,,FALSE,
,,,,,FALSE,
,,,,,FALSE,
,,,,,FALSE,
,,,,,FALSE,
,,,,,FALSE,
,,,,,FALSE,
,,,,,FALSE,
,,,,,FALSE,
,,,,,FALSE,
,,,,,FALSE,
,,,,,FALSE,
,,,,,FALSE,
,,,,,FALSE,
,,,,,FALSE,
,,,,,FALSE,
,,,,,FALSE,
,,,,,FALSE,
,,,,,FALSE,
,,,,,FALSE,
,,,,,FALSE,
,,,,,FALSE,
,,,,,FALSE,
,,,,,FALSE,
,,,,,FALSE,
,,,,,FALSE,
,,,,,FALSE,
,,,,,FALSE,
,,,,,FALSE,
,,,,,FALSE,
,,,,,FALSE,
,,,,,FALSE,
,,,,,FALSE,
,,,,,FALSE,
,,,,,FALSE,
,,,,,FALSE,
,,,,,FALSE,
,,,,,FALSE,
,,,,,FALSE,
,,,,,FALSE,
,,,,,FALSE,
,,,,,FALSE,
,,,,,FALSE,
,,,,,FALSE,
,,,,,FALSE,
,,,,,FALSE,
,,,,,FALSE,
,,,,,FALSE,
,,,,,FALSE,
,,,,,FALSE,
,,,,,FALSE,
,,,,,FALSE,
,,,,,FALSE,
,,,,,FALSE,
,,,,,FALSE,
,,,,,FALSE,
,,,,,FALSE,
,,,,,FALSE,
,,,,,FALSE,
,,,,,FALSE,
,,,,,FALSE,
,,,,,FALSE,
,,,,,FALSE,
,,,,,FALSE,
,,,,,FALSE,
,,,,,FALSE,
,,,,,FALSE,
,,,,,FALSE,
,,,,,FALSE,
,,,,,FALSE,
,,,,,FALSE,
,,,,,FALSE,
,,,,,FALSE,
,,,,,FALSE,
,,,,,FALSE,
,,,,,FALSE,
,,,,,FALSE,
,,,,,FALSE,
,,,,,FALSE,
,,,,,FALSE,
,,,,,FALSE,
,,,,,FALSE,
,,,,,FALSE,
,,,,,FALSE,
,,,,,FALSE,
,,,,,FALSE,
,,,,,FALSE,
,,,,,FALSE,
,,,,,FALSE,
,,,,,FALSE,
,,,,,FALSE,
,,,,,FALSE,
,,,,,FALSE,
,,,,,FALSE,
,,,,,FALSE,
,,,,,FALSE,
,,,,,FALSE,
,,,,,FALSE,
,,,,,FALSE,
,,,,,FALSE,
,,,,,FALSE,
,,,,,FALSE,
,,,,,FALSE,
,,,,,FALSE,
,,,,,FALSE,
,,,,,FALSE,
,,,,,FALSE,
,,,,,FALSE,
,,,,,FALSE,
,,,,,FALSE,
,,,,,FALSE,
,,,,,FALSE,
,,,,,FALSE,
,,,,,FALSE,
,,,,,FALSE,
,,,,,FALSE,
,,,,,FALSE,
,,,,,FALSE,
,,,,,FALSE,
,,,,,FALSE,
,,,,,FALSE,
,,,,,FALSE,
,,,,,FALSE,
,,,,,FALSE,
,,,,,FALSE,
,,,,,FALSE,
,,,,,FALSE,
,,,,,FALSE,
,,,,,FALSE,
,,,,,FALSE,
,,,,,FALSE,
,,,,,FALSE,
,,,,,FALSE,
,,,,,FALSE,
,,,,,FALSE,
,,,,,FALSE,
,,,,,FALSE,
,,,,,FALSE,
,,,,,FALSE,
,,,,,FALSE,
,,,,,FALSE,
,,,,,FALSE,
,,,,,FALSE,
,,,,,FALSE,
,,,,,FALSE,
,,,,,FALSE,
,,,,,FALSE,
,,,,,FALSE,
,,,,,FALSE,
,,,,,FALSE,
,,,,,FALSE,
,,,,,FALSE,
,,,,,FALSE,
,,,,,FALSE,
,,,,,FALSE,
,,,,,FALSE,
,,,,,FALSE,
,,,,,FALSE,
,,,,,FALSE,
,,,,,FALSE,
,,,,,FALSE,
,,,,,FALSE,
,,,,,FALSE,
,,,,,FALSE,
,,,,,FALSE,
,,,,,FALSE,
,,,,,FALSE,
,,,,,FALSE,
,,,,,FALSE,
,,,,,FALSE,
,,,,,FALSE,
,,,,,FALSE,
,,,,,FALSE,
,,,,,FALSE,
,,,,,FALSE,
,,,,,FALSE,
,,,,,FALSE,
,,,,,FALSE,
,,,,,FALSE,
,,,,,FALSE,
,,,,,FALSE,
,,,,,FALSE,
,,,,,FALSE,
,,,,,FALSE,
,,,,,FALSE,
,,,,,FALSE,
,,,,,FALSE,
,,,,,FALSE,
,,,,,FALSE,
,,,,,FALSE,
,,,,,FALSE,
,,,,,FALSE,
,,,,,FALSE,
,,,,,FALSE,
,,,,,FALSE,
,,,,,FALSE,
,,,,,FALSE,
,,,,,FALSE,
,,,,,FALSE,
,,,,,FALSE,
,,,,,FALSE,
,,,,,FALSE,
,,,,,FALSE,
,,,,,FALSE,
,,,,,FALSE,
,,,,,FALSE,
,,,,,FALSE,
,,,,,FALSE,
,,,,,FALSE,
,,,,,FALSE,
,,,,,FALSE,
,,,,,FALSE,
,,,,,FALSE,
,,,,,FALSE,
,,,,,FALSE,
,,,,,FALSE,
,,,,,FALSE,
,,,,,FALSE,
,,,,,FALSE,
,,,,,FALSE,
,,,,,FALSE,
,,,,,FALSE,
,,,,,FALSE,
,,,,,FALSE,
,,,,,FALSE,
,,,,,FALSE,
,,,,,FALSE,
,,,,,FALSE,
,,,,,FALSE,
,,,,,FALSE,
,,,,,FALSE,
,,,,,FALSE,
,,,,,FALSE,
,,,,,FALSE,
,,,,,FALSE,
,,,,,FALSE,
,,,,,FALSE,
,,,,,FALSE,
,,,,,FALSE,
,,,,,FALSE,
,,,,,FALSE,
,,,,,FALSE,
,,,,,FALSE,
,,,,,FALSE,
,,,,,FALSE,
,,,,,FALSE,
,,,,,FALSE,
,,,,,FALSE,
,,,,,FALSE,
,,,,,FALSE,
,,,,,FALSE,
,,,,,FALSE,
,,,,,FALSE,
,,,,,FALSE,
,,,,,FALSE,
,,,,,FALSE,
,,,,,FALSE,
,,,,,FALSE,
,,,,,FALSE,
,,,,,FALSE,
,,,,,FALSE,
,,,,,FALSE,
,,,,,FALSE,
,,,,,FALSE,
,,,,,FALSE,
,,,,,FALSE,
,,,,,FALSE,
,,,,,FALSE,
,,,,,FALSE,
,,,,,FALSE,
,,,,,FALSE,
,,,,,FALSE,
,,,,,FALSE,
,,,,,FALSE,
,,,,,FALSE,
,,,,,FALSE,
,,,,,FALSE,
,,,,,FALSE,
,,,,,FALSE,
,,,,,FALSE,
,,,,,FALSE,
,,,,,FALSE,
,,,,,FALSE,
,,,,,FALSE,
,,,,,FALSE,
,,,,,FALSE,
,,,,,FALSE,
,,,,,FALSE,
,,,,,FALSE,
,,,,,FALSE,
,,,,,FALSE,
,,,,,FALSE,
,,,,,FALSE,
,,,,,FALSE,
,,,,,FALSE,
,,,,,FALSE,
,,,,,FALSE,
,,,,,FALSE,
,,,,,FALSE,
,,,,,FALSE,
,,,,,FALSE,
,,,,,FALSE,
,,,,,FALSE,
,,,,,FALSE,
,,,,,FALSE,
,,,,,FALSE,
,,,,,FALSE,
,,,,,FALSE,
,,,,,FALSE,
,,,,,FALSE,
,,,,,FALSE,
,,,,,FALSE,
,,,,,FALSE,
,,,,,FALSE,
,,,,,FALSE,
,,,,,FALSE,
,,,,,FALSE,
,,,,,FALSE,
,,,,,FALSE,
,,,,,FALSE,
,,,,,FALSE,
,,,,,FALSE,
,,,,,FALSE,
,,,,,FALSE,
,,,,,FALSE,
,,,,,FALSE,
,,,,,FALSE,
,,,,,FALSE,
,,,,,FALSE,
,,,,,FALSE,
,,,,,FALSE,
,,,,,FALSE,
,,,,,FALSE,
,,,,,FALSE,
,,,,,FALSE,
,,,,,FALSE,
,,,,,FALSE,
,,,,,FALSE,
,,,,,FALSE,
,,,,,FALSE,
,,,,,FALSE,
,,,,,FALSE,
,,,,,FALSE,
,,,,,FALSE,
,,,,,FALSE,
,,,,,FALSE,
,,,,,FALSE,
,,,,,FALSE,
,,,,,FALSE,
,,,,,FALSE,
,,,,,FALSE,
,,,,,FALSE,
,,,,,FALSE,
,,,,,FALSE,
,,,,,FALSE,
,,,,,FALSE,
,,,,,FALSE,
,,,,,FALSE,
,,,,,FALSE,
,,,,,FALSE,
,,,,,FALSE,
,,,,,FALSE,
,,,,,FALSE,
,,,,,FALSE,
,,,,,FALSE,
,,,,,FALSE,
,,,,,FALSE,
,,,,,FALSE,
,,,,,FALSE,
,,,,,FALSE,
,,,,,FALSE,
,,,,,FALSE,
,,,,,FALSE,
,,,,,FALSE,
,,,,,FALSE,
,,,,,FALSE,
,,,,,FALSE,
,,,,,FALSE,
,,,,,FALSE,
,,,,,FALSE,
,,,,,FALSE,
,,,,,FALSE,
,,,,,FALSE,
,,,,,FALSE,
,,,,,FALSE,
,,,,,FALSE,
,,,,,FALSE,
,,,,,FALSE,
,,,,,FALSE,
,,,,,FALSE,
,,,,,FALSE,
,,,,,FALSE,
,,,,,FALSE,
,,,,,FALSE,
,,,,,FALSE,
,,,,,FALSE,
,,,,,FALSE,
,,,,,FALSE,
,,,,,FALSE,
,,,,,FALSE,
,,,,,FALSE,
,,,,,FALSE,
,,,,,FALSE,
,,,,,FALSE,
,,,,,FALSE,
,,,,,FALSE,
,,,,,FALSE,
,,,,,FALSE,
,,,,,FALSE,
,,,,,FALSE,
,,,,,FALSE,
,,,,,FALSE,
,,,,,FALSE,
,,,,,FALSE,
,,,,,FALSE,
,,,,,FALSE,
,,,,,FALSE,
,,,,,FALSE,
,,,,,FALSE,
,,,,,FALSE,
,,,,,FALSE,
,,,,,FALSE,
,,,,,FALSE,
,,,,,FALSE,
,,,,,FALSE,
,,,,,FALSE,
,,,,,FALSE,
,,,,,FALSE,
,,,,,FALSE,
,,,,,FALSE,
,,,,,FALSE,